Year,Average_Return
2018,287.29547700426667
2019,416.22000097850000
2020,455.58180671058656
2021,578.77895536877143
2022,572.86870632703705
2023,784.46416836534803
